EditDate,count
2024-10-30 11:25:18.723,1
2024-10-30 11:45:50.884,1
2024-10-30 12:54:18.435,1
2024-10-30 13:30:13.733,1
2024-10-30 13:44:56.056,1
2024-10-30 13:59:22.918,1
2024-10-30 14:28:17.113,1
2024-10-30 15:48:33.861,1
2024-10-31 09:39:24.506,1
2024-10-31 10:02:34.425,1
2024-10-31 10:17:12.538,1
2024-10-31 10:19:59.113,1
2024-10-31 10:37:45.559,1
2024-10-31 11:02:47.933,1
2024-10-31 11:15:17.754,1
2024-10-31 11:42:00.449,1
2024-10-31 11:53:52.747,1
2024-10-31 12:09:10.799,1
2024-10-31 12:15:28.634,1
2024-10-31 12:15:32.340,1
2024-10-31 12:15:34.679,1
2024-10-31 12:30:23.608,1
2024-10-31 12:47:27.499,1
2024-10-31 13:11:19.530,1
2024-10-31 14:39:15.248,1
2024-10-31 14:40:11.781,1
2024-11-01 11:19:49.493,1
2024-11-01 11:57:56.064,1
2024-11-01 12:16:36.555,1
2024-11-01 13:26:00.040,1
